Date,Total_US_Cases,New_Cases,category,product_code_description,reason_for_interruption_per_506j,Shortage_Flag
2020-01-22,1,1,NA,NA,NA,0
2020-01-23,1,0,NA,NA,NA,0
2020-01-24,2,1,NA,NA,NA,0
2020-01-25,2,0,NA,NA,NA,0
2020-01-26,5,3,NA,NA,NA,0
2020-01-27,5,0,NA,NA,NA,0
2020-01-28,5,0,NA,NA,NA,0
2020-01-29,6,1,NA,NA,NA,0
2020-01-30,6,0,NA,NA,NA,0
2020-01-31,8,2,NA,NA,NA,0
2020-02-01,8,0,NA,NA,NA,0
2020-02-02,8,0,NA,NA,NA,0
2020-02-03,11,3,NA,NA,NA,0
2020-02-04,11,0,NA,NA,NA,0
2020-02-05,11,0,NA,NA,NA,0
2020-02-06,12,1,NA,NA,NA,0
2020-02-07,12,0,NA,NA,NA,0
2020-02-08,12,0,NA,NA,NA,0
2020-02-09,12,0,NA,NA,NA,0
2020-02-10,12,0,NA,NA,NA,0
2020-02-11,13,1,NA,NA,NA,0
2020-02-12,13,0,NA,NA,NA,0
2020-02-13,14,1,NA,NA,NA,0
2020-02-14,14,0,NA,NA,NA,0
2020-02-15,14,0,NA,NA,NA,0
2020-02-16,14,0,NA,NA,NA,0
2020-02-17,15,1,NA,NA,NA,0
2020-02-18,16,1,NA,NA,NA,0
2020-02-19,16,0,NA,NA,NA,0
2020-02-20,16,0,NA,NA,NA,0
2020-02-21,16,0,NA,NA,NA,0
2020-02-22,16,0,NA,NA,NA,0
2020-02-23,16,0,NA,NA,NA,0
2020-02-24,17,1,NA,NA,NA,0
2020-02-25,18,1,NA,NA,NA,0
2020-02-26,19,1,NA,NA,NA,0
2020-02-27,19,0,NA,NA,NA,0
2020-02-28,19,0,NA,NA,NA,0
2020-02-29,26,7,NA,NA,NA,0
2020-03-01,39,13,NA,NA,NA,0
2020-03-02,57,18,NA,NA,NA,0
2020-03-03,79,22,NA,NA,NA,0
2020-03-04,113,34,NA,NA,NA,0
2020-03-05,184,71,NA,NA,NA,0
2020-03-06,247,63,NA,NA,NA,0
2020-03-07,417,170,NA,NA,NA,0
2020-03-08,538,121,NA,NA,NA,0
2020-03-09,630,92,NA,NA,NA,0
2020-03-10,797,167,NA,NA,NA,0
2020-03-11,1156,359,NA,NA,NA,0
2020-03-12,1596,440,NA,NA,NA,0
2020-03-13,2222,626,NA,NA,NA,0
2020-03-14,2952,730,NA,NA,NA,0
2020-03-15,3234,282,NA,NA,NA,0
2020-03-16,4667,1433,NA,NA,NA,0
2020-03-17,6450,1783,NA,NA,NA,0
2020-03-18,9156,2706,NA,NA,NA,0
2020-03-19,13663,4507,NA,NA,NA,0
2020-03-20,20064,6401,NA,NA,NA,0
2020-03-21,26056,5992,NA,NA,NA,0
2020-03-22,34944,8888,NA,NA,NA,0
2020-03-23,46096,11152,NA,NA,NA,0
2020-03-24,56714,10618,NA,NA,NA,0
2020-03-25,68841,12127,NA,NA,NA,0
2020-03-26,86662,17821,NA,NA,NA,0
2020-03-27,105253,18591,NA,NA,NA,0
2020-03-28,127417,22164,NA,NA,NA,0
2020-03-29,143544,16127,NA,NA,NA,0
2020-03-30,165698,22154,NA,NA,NA,0
2020-03-31,192079,26381,NA,NA,NA,0
2020-04-01,227543,35464,NA,NA,NA,0
2020-04-02,259798,32255,NA,NA,NA,0
2020-04-03,292201,32403,NA,NA,NA,0
2020-04-04,323965,31764,NA,NA,NA,0
2020-04-05,353117,29152,NA,NA,NA,0
2020-04-06,385110,31993,NA,NA,NA,0
2020-04-07,415256,30146,NA,NA,NA,0
2020-04-08,446500,31244,NA,NA,NA,0
2020-04-09,481981,35481,NA,NA,NA,0
2020-04-10,516396,34415,NA,NA,NA,0
2020-04-11,545313,28917,NA,NA,NA,0
2020-04-12,571551,26238,NA,NA,NA,0
2020-04-13,598789,27238,NA,NA,NA,0
2020-04-14,627306,28517,NA,NA,NA,0
2020-04-15,653345,26039,NA,NA,NA,0
2020-04-16,682962,29617,NA,NA,NA,0
2020-04-17,716152,33190,NA,NA,NA,0
2020-04-18,743464,27312,NA,NA,NA,0
2020-04-19,768888,25424,NA,NA,NA,0
2020-04-20,799149,30261,NA,NA,NA,0
2020-04-21,825478,26329,NA,NA,NA,0
2020-04-22,855445,29967,NA,NA,NA,0
2020-04-23,887523,32078,NA,NA,NA,0
2020-04-24,919014,31491,NA,NA,NA,0
2020-04-25,949640,30626,NA,NA,NA,0
2020-04-26,975537,25897,NA,NA,NA,0
2020-04-27,1000230,24693,NA,NA,NA,0
2020-04-28,1024834,24604,NA,NA,NA,0
2020-04-29,1051643,26809,NA,NA,NA,0
2020-04-30,1081150,29507,NA,NA,NA,0
2020-05-01,1115972,34822,NA,NA,NA,0
2020-05-02,1142619,26647,NA,NA,NA,0
2020-05-03,1166189,23570,NA,NA,NA,0
2020-05-04,1190240,24051,NA,NA,NA,0
2020-05-05,1214321,24081,NA,NA,NA,0
2020-05-06,1238694,24373,NA,NA,NA,0
2020-05-07,1266904,28210,NA,NA,NA,0
2020-05-08,1294111,27207,NA,NA,NA,0
2020-05-09,1318358,24247,NA,NA,NA,0
2020-05-10,1337061,18703,NA,NA,NA,0
2020-05-11,1356283,19222,NA,NA,NA,0
2020-05-12,1379661,23378,NA,NA,NA,0
2020-05-13,1399662,20001,NA,NA,NA,0
2020-05-14,1425539,25877,NA,NA,NA,0
2020-05-15,1449938,24399,NA,NA,NA,0
2020-05-16,1473806,23868,NA,NA,NA,0
2020-05-17,1492449,18643,NA,NA,NA,0
2020-05-18,1514833,22384,NA,NA,NA,0
2020-05-19,1535591,20758,NA,NA,NA,0
2020-05-20,1558430,22839,NA,NA,NA,0
2020-05-21,1583542,25112,NA,NA,NA,0
2020-05-22,1607464,23922,NA,NA,NA,0
2020-05-23,1627392,19928,NA,NA,NA,0
2020-05-24,1647513,20121,NA,NA,NA,0
2020-05-25,1666699,19186,NA,NA,NA,0
2020-05-26,1685395,18696,NA,NA,NA,0
2020-05-27,1704200,18805,NA,NA,NA,0
2020-05-28,1725329,21129,NA,NA,NA,0
2020-05-29,1750066,24737,NA,NA,NA,0
2020-05-30,1772783,22717,NA,NA,NA,0
2020-05-31,1791547,18764,NA,NA,NA,0
2020-06-01,1809384,17837,NA,NA,NA,0
2020-06-02,1829340,19956,NA,NA,NA,0
2020-06-03,1848388,19048,NA,NA,NA,0
2020-06-04,1876099,27711,NA,NA,NA,0
2020-06-05,1902280,26181,NA,NA,NA,0
2020-06-06,1922433,20153,NA,NA,NA,0
2020-06-07,1940242,17809,NA,NA,NA,0
2020-06-08,1957154,16912,NA,NA,NA,0
2020-06-09,1977478,20324,NA,NA,NA,0
2020-06-10,1999224,21746,NA,NA,NA,0
2020-06-11,2021527,22303,NA,NA,NA,0
2020-06-12,2047082,25555,NA,NA,NA,0
2020-06-13,2071218,24136,NA,NA,NA,0
2020-06-14,2090171,18953,NA,NA,NA,0
2020-06-15,2111266,21095,NA,NA,NA,0
2020-06-16,2135894,24628,NA,NA,NA,0
2020-06-17,2162973,27079,NA,NA,NA,0
2020-06-18,2191211,28238,NA,NA,NA,0
2020-06-19,2222207,30996,NA,NA,NA,0
2020-06-20,2254073,31866,NA,NA,NA,0
2020-06-21,2279932,25859,NA,NA,NA,0
2020-06-22,2309921,29989,NA,NA,NA,0
2020-06-23,2348750,38829,NA,NA,NA,0
2020-06-24,2385029,36279,NA,NA,NA,0
2020-06-25,2424386,39357,NA,NA,NA,0
2020-06-26,2473472,49086,NA,NA,NA,0
2020-06-27,2514305,40833,NA,NA,NA,0
2020-06-28,2557223,42918,NA,NA,NA,0
2020-06-29,2598741,41518,NA,NA,NA,0
2020-06-30,2648797,50056,NA,NA,NA,0
2020-07-01,2698127,49330,NA,NA,NA,0
2020-07-02,2753211,55084,NA,NA,NA,0
2020-07-03,2804869,51658,NA,NA,NA,0
2020-07-04,2850893,46024,NA,NA,NA,0
2020-07-05,2904843,53950,NA,NA,NA,0
2020-07-06,2948475,43632,NA,NA,NA,0
2020-07-07,3005888,57413,NA,NA,NA,0
2020-07-08,3066392,60504,NA,NA,NA,0
2020-07-09,3126225,59833,NA,NA,NA,0
2020-07-10,3194747,68522,NA,NA,NA,0
2020-07-11,3255188,60441,NA,NA,NA,0
2020-07-12,3315408,60220,NA,NA,NA,0
2020-07-13,3375033,59625,NA,NA,NA,0
2020-07-14,3440790,65757,NA,NA,NA,0
2020-07-15,3507089,66299,NA,NA,NA,0
2020-07-16,3577863,70774,NA,NA,NA,0
2020-07-17,3644285,66422,NA,NA,NA,0
2020-07-18,3708610,64325,NA,NA,NA,0
2020-07-19,3767603,58993,NA,NA,NA,0
2020-07-20,3828459,60856,NA,NA,NA,0
2020-07-21,3896754,68295,NA,NA,NA,0
2020-07-22,3964204,67450,NA,NA,NA,0
2020-07-23,4031971,67767,NA,NA,NA,0
2020-07-24,4106920,74949,NA,NA,NA,0
2020-07-25,4170675,63755,NA,NA,NA,0
2020-07-26,4226306,55631,NA,NA,NA,0
2020-07-27,4286303,59997,NA,NA,NA,0
2020-07-28,4350867,64564,NA,NA,NA,0
2020-07-29,4414919,64052,NA,NA,NA,0
2020-07-30,4484123,69204,NA,NA,NA,0
2020-07-31,4548498,64375,NA,NA,NA,0
2020-08-01,4605922,57424,NA,NA,NA,0
2020-08-02,4652811,46889,NA,NA,NA,0
2020-08-03,4694707,41896,NA,NA,NA,0
2020-08-04,4756328,61621,NA,NA,NA,0
2020-08-05,4810465,54137,NA,NA,NA,0
2020-08-06,4870501,60036,NA,NA,NA,0
2020-08-07,4930942,60441,NA,NA,NA,0
2020-08-08,4994709,63767,NA,NA,NA,0
2020-08-09,5048872,54163,NA,NA,NA,0
2020-08-10,5100509,51637,NA,NA,NA,0
2020-08-11,5157385,56876,NA,NA,NA,0
2020-08-12,5212607,55222,NA,NA,NA,0
2020-08-13,5264053,51446,NA,NA,NA,0
2020-08-14,5334125,70072,NA,NA,NA,0
2020-08-15,5386450,52325,NA,NA,NA,0
2020-08-16,5421027,34577,NA,NA,NA,0
2020-08-17,5459024,37997,NA,NA,NA,0
2020-08-18,5503999,44975,NA,NA,NA,0
2020-08-19,5549914,45915,NA,NA,NA,0
2020-08-20,5595049,45135,NA,NA,NA,0
2020-08-21,5642949,47900,NA,NA,NA,0
2020-08-22,5688220,45271,NA,NA,NA,0
2020-08-23,5720123,31903,NA,NA,NA,0
2020-08-24,5754214,34091,NA,NA,NA,0
2020-08-25,5796776,42562,NA,NA,NA,0
2020-08-26,5838968,42192,NA,NA,NA,0
2020-08-27,5889405,50437,NA,NA,NA,0
2020-08-28,5935725,46320,NA,NA,NA,0
2020-08-29,5978796,43071,NA,NA,NA,0
2020-08-30,6012964,34168,NA,NA,NA,0
2020-08-31,6046490,33526,NA,NA,NA,0
2020-09-01,6088459,41969,NA,NA,NA,0
2020-09-02,6128577,40118,NA,NA,NA,0
2020-09-03,6173788,45211,NA,NA,NA,0
2020-09-04,6222447,48659,NA,NA,NA,0
2020-09-05,6265685,43238,NA,NA,NA,0
2020-09-06,6294763,29078,NA,NA,NA,0
2020-09-07,6319465,24702,NA,NA,NA,0
2020-09-08,6346568,27103,NA,NA,NA,0
2020-09-09,6380419,33851,NA,NA,NA,0
2020-09-10,6420041,39622,NA,NA,NA,0
2020-09-11,6464866,44825,NA,NA,NA,0
2020-09-12,6510481,45615,NA,NA,NA,0
2020-09-13,6550789,40308,NA,NA,NA,0
2020-09-14,6583690,32901,NA,NA,NA,0
2020-09-15,6621129,37439,NA,NA,NA,0
2020-09-16,6659478,38349,NA,NA,NA,0
2020-09-17,6704919,45441,NA,NA,NA,0
2020-09-18,6755146,50227,NA,NA,NA,0
2020-09-19,6800801,45655,NA,NA,NA,0
2020-09-20,6842406,41605,NA,NA,NA,0
2020-09-21,6874666,32260,NA,NA,NA,0
2020-09-22,6912974,38308,NA,NA,NA,0
2020-09-23,6954204,41230,NA,NA,NA,0
2020-09-24,7003201,48997,NA,NA,NA,0
2020-09-25,7050827,47626,NA,NA,NA,0
2020-09-26,7094717,43890,NA,NA,NA,0
2020-09-27,7128424,33707,NA,NA,NA,0
2020-09-28,7164995,36571,NA,NA,NA,0
2020-09-29,7207285,42290,NA,NA,NA,0
2020-09-30,7246201,38916,NA,NA,NA,0
2020-10-01,7292563,46362,NA,NA,NA,0
2020-10-02,7346110,53547,NA,NA,NA,0
2020-10-03,7395490,49380,NA,NA,NA,0
2020-10-04,7428860,33370,NA,NA,NA,0
2020-10-05,7466807,37947,NA,NA,NA,0
2020-10-06,7511828,45021,NA,NA,NA,0
2020-10-07,7561295,49467,NA,NA,NA,0
2020-10-08,7619508,58213,NA,NA,NA,0
2020-10-09,7674839,55331,NA,NA,NA,0
2020-10-10,7730093,55254,NA,NA,NA,0
2020-10-11,7776973,46880,NA,NA,NA,0
2020-10-12,7819928,42955,NA,NA,NA,0
2020-10-13,7870524,50596,NA,NA,NA,0
2020-10-14,7929695,59171,NA,NA,NA,0
2020-10-15,7993557,63862,NA,NA,NA,0
2020-10-16,8063867,70310,NA,NA,NA,0
2020-10-17,8118717,54850,NA,NA,NA,0
2020-10-18,8171011,52294,NA,NA,NA,0
2020-10-19,8239748,68737,NA,NA,NA,0
2020-10-20,8302319,62571,NA,NA,NA,0
2020-10-21,8363744,61425,NA,NA,NA,0
2020-10-22,8443960,80216,NA,NA,NA,0
2020-10-23,8526092,82132,NA,NA,NA,0
2020-10-24,8604191,78099,NA,NA,NA,0
2020-10-25,8664568,60377,NA,NA,NA,0
2020-10-26,8729038,64470,NA,NA,NA,0
2020-10-27,8808015,78977,NA,NA,NA,0
2020-10-28,8896403,88388,NA,NA,NA,0
2020-10-29,8989082,92679,NA,NA,NA,0
2020-10-30,9089581,100499,NA,NA,NA,0
2020-10-31,9176353,86772,NA,NA,NA,0
2020-11-01,9254491,78138,NA,NA,NA,0
2020-11-02,9338429,83938,NA,NA,NA,0
2020-11-03,9465331,126902,NA,NA,NA,0
2020-11-04,9567400,102069,NA,NA,NA,0
2020-11-05,9697432,130032,NA,NA,NA,0
2020-11-06,9826559,129127,NA,NA,NA,0
2020-11-07,9953781,127222,NA,NA,NA,0
2020-11-08,10073149,119368,NA,NA,NA,0
2020-11-09,10192674,119525,NA,NA,NA,0
2020-11-10,10331958,139284,NA,NA,NA,0
2020-11-11,10481517,149559,NA,NA,NA,0
2020-11-12,10641054,159537,NA,NA,NA,0
2020-11-13,10819815,178761,NA,NA,NA,0
2020-11-14,10982695,162880,NA,NA,NA,0
2020-11-15,11121209,138514,NA,NA,NA,0
2020-11-16,11276946,155737,NA,NA,NA,0
2020-11-17,11444298,167352,NA,NA,NA,0
2020-11-18,11617714,173416,NA,NA,NA,0
2020-11-19,11809681,191967,NA,NA,NA,0
2020-11-20,12010766,201085,NA,NA,NA,0
2020-11-21,12188370,177604,NA,NA,NA,0
2020-11-22,12333605,145235,NA,NA,NA,0
2020-11-23,12517891,184286,NA,NA,NA,0
2020-11-24,12692859,174968,NA,NA,NA,0
2020-11-25,12874110,181251,NA,NA,NA,0
2020-11-26,12987021,112911,NA,NA,NA,0
2020-11-27,13202223,215202,NA,NA,NA,0
2020-11-28,13369712,167489,NA,NA,NA,0
2020-11-29,13509385,139673,NA,NA,NA,0
2020-11-30,13667916,158531,NA,NA,NA,0
2020-12-01,13866747,198831,NA,NA,NA,0
2020-12-02,14063763,197016,NA,NA,NA,0
2020-12-03,14283186,219423,NA,NA,NA,0
2020-12-04,14518320,235134,NA,NA,NA,0
2020-12-05,14738243,219923,NA,NA,NA,0
2020-12-06,14916374,178131,NA,NA,NA,0
2020-12-07,15112615,196241,NA,NA,NA,0
2020-12-08,15340114,227499,NA,NA,NA,0
2020-12-09,15555849,215735,NA,NA,NA,0
2020-12-10,15791626,235777,NA,NA,NA,0
2020-12-11,16028528,236902,NA,NA,NA,0
2020-12-12,16251284,222756,NA,NA,NA,0
2020-12-13,16441926,190642,NA,NA,NA,0
2020-12-14,16652287,210361,NA,NA,NA,0
2020-12-15,16879508,227221,NA,NA,NA,0
2020-12-16,17113651,234143,NA,NA,NA,0
2020-12-17,17352825,239174,NA,NA,NA,0
2020-12-18,17599265,246440,NA,NA,NA,0
2020-12-19,17804290,205025,NA,NA,NA,0
2020-12-20,17990459,186169,NA,NA,NA,0
2020-12-21,18187884,197425,NA,NA,NA,0
2020-12-22,18393674,205790,NA,NA,NA,0
2020-12-23,18614461,220787,NA,NA,NA,0
2020-12-24,18826056,211595,NA,NA,NA,0
2020-12-25,18951580,125524,NA,NA,NA,0
2020-12-26,19169548,217968,NA,NA,NA,0
2020-12-27,19305731,136183,NA,NA,NA,0
2020-12-28,19480364,174633,NA,NA,NA,0
2020-12-29,19687206,206842,NA,NA,NA,0
2020-12-30,19905955,218749,NA,NA,NA,0
2020-12-31,20219881,313926,NA,NA,NA,0
2021-01-01,20397401,177520,NA,NA,NA,0
2021-01-02,20670025,272624,NA,NA,NA,0
2021-01-03,20873238,203213,NA,NA,NA,0
2021-01-04,21059971,186733,NA,NA,NA,0
2021-01-05,21292113,232142,NA,NA,NA,0
2021-01-06,21551828,259715,NA,NA,NA,0
2021-01-07,21836891,285063,NA,NA,NA,0
2021-01-08,22139751,302860,NA,NA,NA,0
2021-01-09,22403255,263504,NA,NA,NA,0
2021-01-10,22613201,209946,NA,NA,NA,0
2021-01-11,22817703,204502,NA,NA,NA,0
2021-01-12,23040119,222416,NA,NA,NA,0
2021-01-13,23268794,228675,NA,NA,NA,0
2021-01-14,23503718,234924,NA,NA,NA,0
2021-01-15,23748054,244336,NA,NA,NA,0
2021-01-16,23965036,216982,NA,NA,NA,0
2021-01-17,24141201,176165,NA,NA,NA,0
2021-01-18,24282485,141284,NA,NA,NA,0
2021-01-19,24439499,157014,NA,NA,NA,0
2021-01-20,24627167,187668,NA,NA,NA,0
2021-01-21,24819194,192027,NA,NA,NA,0
2021-01-22,25010550,191356,NA,NA,NA,0
2021-01-23,25187889,177339,NA,NA,NA,0
2021-01-24,25327684,139795,NA,NA,NA,0
2021-01-25,25457657,129973,NA,NA,NA,0
2021-01-26,25608950,151293,NA,NA,NA,0
2021-01-27,25764115,155165,NA,NA,NA,0
2021-01-28,25930830,166715,NA,NA,NA,0
2021-01-29,26094129,163299,NA,NA,NA,0
2021-01-30,26244538,150409,NA,NA,NA,0
2021-01-31,26357109,112571,NA,NA,NA,0
2021-02-01,26482921,125812,NA,NA,NA,0
2021-02-02,26600311,117390,NA,NA,NA,0
2021-02-03,26724686,124375,NA,NA,NA,0
2021-02-04,26849339,124653,NA,NA,NA,0
2021-02-05,26979746,130407,NA,NA,NA,0
2021-02-06,27096026,116280,NA,NA,NA,0
2021-02-07,27185195,89169,NA,NA,NA,0
2021-02-08,27268357,83162,NA,NA,NA,0
2021-02-09,27364115,95758,NA,NA,NA,0
2021-02-10,27459810,95695,NA,NA,NA,0
2021-02-11,27565962,106152,NA,NA,NA,0
2021-02-12,27665521,99559,NA,NA,NA,0
2021-02-13,27755869,90348,NA,NA,NA,0
2021-02-14,27824059,68190,NA,NA,NA,0
2021-02-15,27880163,56104,NA,NA,NA,0
2021-02-16,27940001,59838,NA,NA,NA,0
2021-02-17,28009006,69005,NA,NA,NA,0
2021-02-18,28081256,72250,NA,NA,NA,0
2021-02-19,28156130,74874,NA,NA,NA,0
2021-02-20,28229711,73581,NA,NA,NA,0
2021-02-21,28284964,55253,NA,NA,NA,0
2021-02-22,28341020,56056,NA,NA,NA,0
2021-02-23,28414850,73830,NA,NA,NA,0
2021-02-24,28489831,74981,NA,NA,NA,0
2021-02-25,28566891,77060,NA,NA,NA,0
2021-02-26,28641814,74923,NA,NA,NA,0
2021-02-27,28712644,70830,NA,NA,NA,0
2021-02-28,28764300,51656,NA,NA,NA,0
2021-03-01,28814422,50122,NA,NA,NA,0
2021-03-02,28873099,58677,NA,NA,NA,0
2021-03-03,28940167,67068,NA,NA,NA,0
2021-03-04,29008608,68441,NA,NA,NA,0
2021-03-05,29075790,67182,NA,NA,NA,0
2021-03-06,29136553,60763,NA,NA,NA,0
2021-03-07,29178097,41544,NA,NA,NA,0
2021-03-08,29222845,44748,NA,NA,NA,0
2021-03-09,29278676,55831,NA,NA,NA,0
2021-03-10,29336396,57720,NA,NA,NA,0
2021-03-11,29398151,61755,NA,NA,NA,0
2021-03-12,29460425,62274,NA,NA,NA,0
2021-03-13,29516683,56258,NA,NA,NA,0
2021-03-14,29555249,38566,NA,NA,NA,0
2021-03-15,29606786,51537,NA,NA,NA,0
2021-03-16,29661865,55079,NA,NA,NA,0
2021-03-17,29721744,59879,NA,NA,NA,0
2021-03-18,29783947,62203,NA,NA,NA,0
2021-03-19,29844857,60910,NA,NA,NA,0
2021-03-20,29903124,58267,NA,NA,NA,0
2021-03-21,29938536,35412,NA,NA,NA,0
2021-03-22,29986973,48437,NA,NA,NA,0
2021-03-23,30039699,52726,NA,NA,NA,0
2021-03-24,30127524,87825,NA,NA,NA,0
2021-03-25,30194913,67389,NA,NA,NA,0
2021-03-26,30271057,76144,NA,NA,NA,0
2021-03-27,30334849,63792,NA,NA,NA,0
2021-03-28,30381221,46372,NA,NA,NA,0
2021-03-29,30447864,66643,NA,NA,NA,0
2021-03-30,30510086,62222,NA,NA,NA,0
2021-03-31,30579488,69402,NA,NA,NA,0
2021-04-01,30656333,76845,NA,NA,NA,0
2021-04-02,30730197,73864,NA,NA,NA,0
2021-04-03,30794706,64509,NA,NA,NA,0
2021-04-04,30832573,37867,NA,NA,NA,0
2021-04-05,30900797,68224,NA,NA,NA,0
2021-04-06,30964192,63395,NA,NA,NA,0
2021-04-07,31039931,75739,NA,NA,NA,0
2021-04-08,31119775,79844,NA,NA,NA,0
2021-04-09,31204187,84412,NA,NA,NA,0
2021-04-10,31274551,70364,NA,NA,NA,0
2021-04-11,31321882,47331,NA,NA,NA,0
2021-04-12,31385084,63202,NA,NA,NA,0
2021-04-13,31465797,80713,NA,NA,NA,0
2021-04-14,31540759,74962,NA,NA,NA,0
2021-04-15,31614987,74228,NA,NA,NA,0
2021-04-16,31697735,82748,NA,NA,NA,0
2021-04-17,31753119,55384,NA,NA,NA,0
2021-04-18,31796942,43823,NA,NA,NA,0
2021-04-19,31856777,59835,NA,NA,NA,0
2021-04-20,31919206,62429,NA,NA,NA,0
2021-04-21,31983896,64690,NA,NA,NA,0
2021-04-22,32050109,66213,NA,NA,NA,0
2021-04-23,32112759,62650,NA,NA,NA,0
2021-04-24,32167066,54307,NA,NA,NA,0
2021-04-25,32201474,34408,NA,NA,NA,0
2021-04-26,32244762,43288,NA,NA,NA,0
2021-04-27,32296819,52057,NA,NA,NA,0
2021-04-28,32352653,55834,NA,NA,NA,0
2021-04-29,32410332,57679,NA,NA,NA,0
2021-04-30,32468058,57726,NA,NA,NA,0
2021-05-01,32516229,48171,NA,NA,NA,0
2021-05-02,32546825,30596,NA,NA,NA,0
2021-05-03,32592225,45400,NA,NA,NA,0
2021-05-04,32634952,42727,NA,NA,NA,0
2021-05-05,32680747,45795,NA,NA,NA,0
2021-05-06,32726692,45945,NA,NA,NA,0
2021-05-07,32774857,48165,NA,NA,NA,0
2021-05-08,32809821,34964,NA,NA,NA,0
2021-05-09,32832560,22739,NA,NA,NA,0
2021-05-10,32865356,32796,NA,NA,NA,0
2021-05-11,32900636,35280,NA,NA,NA,0
2021-05-12,32936597,35961,NA,NA,NA,0
2021-05-13,32974480,37883,NA,NA,NA,0
2021-05-14,33016062,41582,NA,NA,NA,0
2021-05-15,33046543,30481,NA,NA,NA,0
2021-05-16,33064175,17632,NA,NA,NA,0
2021-05-17,33089706,25531,NA,NA,NA,0
2021-05-18,33118724,29018,NA,NA,NA,0
2021-05-19,33147768,29044,NA,NA,NA,0
2021-05-20,33177773,30005,NA,NA,NA,0
2021-05-21,33206438,28665,NA,NA,NA,0
2021-05-22,33227355,20917,NA,NA,NA,0
2021-05-23,33241143,13788,NA,NA,NA,0
2021-05-24,33263301,22158,NA,NA,NA,0
2021-05-25,33287107,23806,NA,NA,NA,0
2021-05-26,33311458,24351,NA,NA,NA,0
2021-05-27,33338004,26546,NA,NA,NA,0
2021-05-28,33359920,21916,NA,NA,NA,0
2021-05-29,33372894,12974,NA,NA,NA,0
2021-05-30,33380100,7206,NA,NA,NA,0
2021-05-31,33386450,6350,NA,NA,NA,0
2021-06-01,33407543,21093,NA,NA,NA,0
2021-06-02,33424134,16591,NA,NA,NA,0
2021-06-03,33442103,17969,NA,NA,NA,0
2021-06-04,33459616,17513,NA,NA,NA,0
2021-06-05,33474773,15157,NA,NA,NA,0
2021-06-06,33480669,5896,NA,NA,NA,0
2021-06-07,33494855,14186,NA,NA,NA,0
2021-06-08,33507654,12799,NA,NA,NA,0
2021-06-09,33525855,18201,NA,NA,NA,0
2021-06-10,33540372,14517,NA,NA,NA,0
2021-06-11,33564876,24504,NA,NA,NA,0
2021-06-12,33573697,8821,NA,NA,NA,0
2021-06-13,33578726,5029,NA,NA,NA,0
2021-06-14,33590631,11905,NA,NA,NA,0
2021-06-15,33601274,10643,NA,NA,NA,0
2021-06-16,33613028,11754,NA,NA,NA,0
2021-06-17,33624550,11522,NA,NA,NA,0
2021-06-18,33645536,20986,NA,NA,NA,0
2021-06-19,33654425,8889,NA,NA,NA,0
2021-06-20,33659354,4929,NA,NA,NA,0
2021-06-21,33670082,10728,NA,NA,NA,0
2021-06-22,33680852,10770,NA,NA,NA,0
2021-06-23,33693342,12490,NA,NA,NA,0
2021-06-24,33707537,14195,NA,NA,NA,0
2021-06-25,33732046,24509,NA,NA,NA,0
2021-06-26,33741091,9045,NA,NA,NA,0
2021-06-27,33745753,4662,NA,NA,NA,0
2021-06-28,33759518,13765,NA,NA,NA,0
2021-06-29,33767049,7531,NA,NA,NA,0
2021-06-30,33782328,15279,NA,NA,NA,0
2021-07-01,33797254,14926,NA,NA,NA,0
2021-07-02,33826850,29596,NA,NA,NA,0
2021-07-03,33832136,5286,NA,NA,NA,0
2021-07-04,33836407,4271,NA,NA,NA,0
2021-07-05,33845572,9165,NA,NA,NA,0
2021-07-06,33868140,22568,NA,NA,NA,0
2021-07-07,33888279,20139,NA,NA,NA,0
2021-07-08,33909163,20884,NA,NA,NA,0
2021-07-09,33956137,46974,NA,NA,NA,0
2021-07-10,33966179,10042,NA,NA,NA,0
2021-07-11,33977947,11768,NA,NA,NA,0
2021-07-12,34007608,29661,NA,NA,NA,0
2021-07-13,34034113,26505,NA,NA,NA,0
2021-07-14,34065233,31120,NA,NA,NA,0
2021-07-15,34097165,31932,NA,NA,NA,0
2021-07-16,34175196,78031,NA,NA,NA,0
2021-07-17,34189267,14071,NA,NA,NA,0
2021-07-18,34209651,20384,NA,NA,NA,0
2021-07-19,34258864,49213,NA,NA,NA,0
2021-07-20,34298789,39925,NA,NA,NA,0
2021-07-21,34346643,47854,NA,NA,NA,0
2021-07-22,34403070,56427,NA,NA,NA,0
2021-07-23,34523851,120781,NA,NA,NA,0
2021-07-24,34553246,29395,NA,NA,NA,0
2021-07-25,34581900,28654,NA,NA,NA,0
2021-07-26,34660438,78538,NA,NA,NA,0
2021-07-27,34725589,65151,NA,NA,NA,0
2021-07-28,34799159,73570,NA,NA,NA,0
2021-07-29,34871515,72356,NA,NA,NA,0
2021-07-30,35062671,191156,NA,NA,NA,0
2021-07-31,35107407,44736,NA,NA,NA,0
2021-08-01,35152821,45414,NA,NA,NA,0
2021-08-02,35260295,107474,NA,NA,NA,0
2021-08-03,35358374,98079,NA,NA,NA,0
2021-08-04,35460779,102405,NA,NA,NA,0
2021-08-05,35570383,109604,NA,NA,NA,0
2021-08-06,35822342,251959,NA,NA,NA,0
2021-08-07,35886269,63927,NA,NA,NA,0
2021-08-08,35922003,35734,NA,NA,NA,0
2021-08-09,36080394,158391,NA,NA,NA,0
2021-08-10,36198715,118321,NA,NA,NA,0
2021-08-11,36353209,154494,NA,NA,NA,0
2021-08-12,36497055,143846,NA,NA,NA,0
2021-08-13,36723767,226712,NA,NA,NA,0
2021-08-14,36798003,74236,NA,NA,NA,0
2021-08-15,36845902,47899,NA,NA,NA,0
2021-08-16,37039224,193322,NA,NA,NA,0
2021-08-17,37190454,151230,NA,NA,NA,0
2021-08-18,37357714,167260,NA,NA,NA,0
2021-08-19,37513090,155376,NA,NA,NA,0
2021-08-20,37752093,239003,NA,NA,NA,0
2021-08-21,37845682,93589,NA,NA,NA,0
2021-08-22,37891098,45416,NA,NA,NA,0
2021-08-23,38097264,206166,NA,NA,NA,0
2021-08-24,38252487,155223,NA,NA,NA,0
2021-08-25,38431642,179155,NA,NA,NA,0
2021-08-26,38615433,183791,NA,NA,NA,0
2021-08-27,38853779,238346,NA,NA,NA,0
2021-08-28,38933864,80085,NA,NA,NA,0
2021-08-29,38987094,53230,NA,NA,NA,0
2021-08-30,39215012,227918,NA,NA,NA,0
2021-08-31,39395093,180081,NA,NA,NA,0
2021-09-01,39585480,190387,NA,NA,NA,0
2021-09-02,39764660,179180,NA,NA,NA,0
2021-09-03,39999775,235115,NA,NA,NA,0
2021-09-04,40087145,87370,NA,NA,NA,0
2021-09-05,40151888,64743,NA,NA,NA,0
2021-09-06,40241925,90037,NA,NA,NA,0
2021-09-07,40452009,210084,NA,NA,NA,0
2021-09-08,40629633,177624,NA,NA,NA,0
2021-09-09,40796340,166707,NA,NA,NA,0
2021-09-10,41038030,241690,NA,NA,NA,0
2021-09-11,41128605,90575,NA,NA,NA,0
2021-09-12,41178225,49620,NA,NA,NA,0
2021-09-13,41385908,207683,NA,NA,NA,0
2021-09-14,41531517,145609,NA,NA,NA,0
2021-09-15,41704730,173213,NA,NA,NA,0
2021-09-16,41863382,158652,NA,NA,NA,0
2021-09-17,42074012,210630,NA,NA,NA,0
2021-09-18,42150325,76313,NA,NA,NA,0
2021-09-19,42196356,46031,NA,NA,NA,0
2021-09-20,42365737,169381,NA,NA,NA,0
2021-09-21,42487616,121879,NA,NA,NA,0
2021-09-22,42619247,131631,NA,NA,NA,0
2021-09-23,42748323,129076,NA,NA,NA,0
2021-09-24,42922892,174569,NA,NA,NA,0
2021-09-25,42984807,61915,NA,NA,NA,0
2021-09-26,43040464,55657,NA,NA,NA,0
2021-09-27,43194365,153901,NA,NA,NA,0
2021-09-28,43307575,113210,NA,NA,NA,0
2021-09-29,43429455,121880,NA,NA,NA,0
2021-09-30,43539602,110147,NA,NA,NA,0
2021-10-01,43694434,154832,NA,NA,NA,0
2021-10-02,43744230,49796,NA,NA,NA,0
2021-10-03,43790469,46239,NA,NA,NA,0
2021-10-04,43931033,140564,NA,NA,NA,0
2021-10-05,44026591,95558,NA,NA,NA,0
2021-10-06,44139340,112749,NA,NA,NA,0
2021-10-07,44240448,101108,NA,NA,NA,0
2021-10-08,44371009,130561,NA,NA,NA,0
2021-10-09,44411389,40380,NA,NA,NA,0
2021-10-10,44452408,41019,NA,NA,NA,0
2021-10-11,44545260,92852,NA,NA,NA,0
2021-10-12,44656257,110997,NA,NA,NA,0
2021-10-13,44764574,108317,NA,NA,NA,0
2021-10-14,44850758,86184,NA,NA,NA,0
2021-10-15,44959510,108752,NA,NA,NA,0
2021-10-16,45000900,41390,NA,NA,NA,0
2021-10-17,45034091,33191,NA,NA,NA,0
2021-10-18,45130721,96630,NA,NA,NA,0
2021-10-19,45213351,82630,NA,NA,NA,0
2021-10-20,45305584,92233,NA,NA,NA,0
2021-10-21,45382916,77332,NA,NA,NA,0
2021-10-22,45478815,95899,NA,NA,NA,0
2021-10-23,45513146,34331,NA,NA,NA,0
2021-10-24,45534117,20971,NA,NA,NA,0
2021-10-25,45643590,109473,NA,NA,NA,0
2021-10-26,45711256,67666,NA,NA,NA,0
2021-10-27,45813723,102467,NA,NA,NA,0
2021-10-28,45888281,74558,NA,NA,NA,0
2021-10-29,45982999,94718,NA,NA,NA,0
2021-10-30,46019338,36339,NA,NA,NA,0
2021-10-31,46053369,34031,NA,NA,NA,0
2021-11-01,46163209,109840,NA,NA,NA,0
2021-11-02,46233302,70093,NA,NA,NA,0
2021-11-03,46320017,86715,NA,NA,NA,0
2021-11-04,46401249,81232,NA,NA,NA,0
2021-11-05,46498339,97090,NA,NA,NA,0
2021-11-06,46535633,37294,NA,NA,NA,0
2021-11-07,46574625,38992,NA,NA,NA,0
2021-11-08,46681955,107330,NA,NA,NA,0
2021-11-09,46761953,79998,NA,NA,NA,0
2021-11-10,46857087,95134,NA,NA,NA,0
2021-11-11,46914763,57676,NA,NA,NA,0
2021-11-12,47058884,144121,NA,NA,NA,0
2021-11-13,47105077,46193,NA,NA,NA,0
2021-11-14,47138979,33902,NA,NA,NA,0
2021-11-15,47270036,131057,NA,NA,NA,0
2021-11-16,47358017,87981,NA,NA,NA,0
2021-11-17,47470423,112406,NA,NA,NA,0
2021-11-18,47579006,108583,NA,NA,NA,0
2021-11-19,47705277,126271,NA,NA,NA,0
2021-11-20,47752533,47256,NA,NA,NA,0
2021-11-21,47794062,41529,NA,NA,NA,0
2021-11-22,47934958,140896,NA,NA,NA,0
2021-11-23,48026680,91722,NA,NA,NA,0
2021-11-24,48138252,111572,NA,NA,NA,0
2021-11-25,48175309,37057,NA,NA,NA,0
2021-11-26,48230002,54693,NA,NA,NA,0
2021-11-27,48258469,28467,NA,NA,NA,0
2021-11-28,48303592,45123,NA,NA,NA,0
2021-11-29,48488745,185153,NA,NA,NA,0
2021-11-30,48606350,117605,NA,NA,NA,0
2021-12-01,48743353,137003,NA,NA,NA,0
2021-12-02,48881266,137913,NA,NA,NA,0
2021-12-03,49039264,157998,NA,NA,NA,0
2021-12-04,49107072,67808,NA,NA,NA,0
2021-12-05,49163634,56562,NA,NA,NA,0
2021-12-06,49338553,174919,NA,NA,NA,0
2021-12-07,49451022,112469,NA,NA,NA,0
2021-12-08,49600401,149379,NA,NA,NA,0
2021-12-09,49724336,123935,NA,NA,NA,0
2021-12-10,49881752,157416,NA,NA,NA,0
2021-12-11,49939494,57742,NA,NA,NA,0
2021-12-12,49992891,53397,NA,NA,NA,0
2021-12-13,50176145,183254,NA,NA,NA,0
2021-12-14,50289495,113350,NA,NA,NA,0
2021-12-15,50435110,145615,NA,NA,NA,0
2021-12-16,50577301,142191,NA,NA,NA,0
2021-12-17,50769810,192509,NA,NA,NA,0
2021-12-18,50851492,81682,NA,NA,NA,0
2021-12-19,50942411,90919,NA,NA,NA,0
2021-12-20,51183574,241163,NA,NA,NA,0
2021-12-21,51365848,182274,NA,NA,NA,0
2021-12-22,51613702,247854,NA,NA,NA,0
2021-12-23,51888091,274389,NA,NA,NA,0
2021-12-24,52136359,248268,NA,NA,NA,0
2021-12-25,52224674,88315,NA,NA,NA,0
2021-12-26,52408195,183521,NA,NA,NA,0
2021-12-27,52914266,506071,NA,NA,NA,0
2021-12-28,53286726,372460,NA,NA,NA,0
2021-12-29,53797747,511021,NA,NA,NA,0
2021-12-30,54395695,597948,NA,NA,NA,0
2021-12-31,54907738,512043,NA,NA,NA,0
2022-01-01,55099969,192231,NA,NA,NA,0
2022-01-02,55396212,296243,NA,NA,NA,0
2022-01-03,56438999,1042787,NA,NA,NA,0
2022-01-04,57267809,828810,NA,NA,NA,0
2022-01-05,57943588,675779,NA,NA,NA,0
2022-01-06,58788193,844605,NA,NA,NA,0
2022-01-07,59667187,878994,NA,NA,NA,0
2022-01-08,60075862,408675,NA,NA,NA,0
2022-01-09,60569276,493414,NA,NA,NA,0
2022-01-10,61923784,1354508,NA,NA,NA,0
2022-01-11,62710005,786221,NA,NA,NA,0
2022-01-12,63563873,853868,NA,NA,NA,0
2022-01-13,64429169,865296,NA,NA,NA,0
2022-01-14,65308319,879150,NA,NA,NA,0
2022-01-15,65724621,416302,NA,NA,NA,0
2022-01-16,66210719,486098,NA,NA,NA,0
2022-01-17,66870965,660246,NA,NA,NA,0
2022-01-18,68003833,1132868,NA,NA,NA,0
2022-01-19,68913678,909845,NA,NA,NA,0
2022-01-20,69644560,730882,NA,NA,NA,0
2022-01-21,70450301,805741,NA,NA,NA,0
2022-01-22,70760261,309960,NA,NA,NA,0
2022-01-23,71131181,370920,NA,NA,NA,0
2022-01-24,72039933,908752,NA,NA,NA,0
2022-01-25,72532192,492259,NA,NA,NA,0
2022-01-26,73209293,677101,NA,NA,NA,0
2022-01-27,73712581,503288,NA,NA,NA,0
2022-01-28,74325227,612646,NA,NA,NA,0
2022-01-29,74507900,182673,NA,NA,NA,0
2022-01-30,74708911,201011,NA,NA,NA,0
2022-01-31,75244223,535312,NA,NA,NA,0
2022-02-01,75570659,326436,NA,NA,NA,0
2022-02-02,75897756,327097,NA,NA,NA,0
2022-02-03,76171380,273624,NA,NA,NA,0
2022-02-04,76526119,354739,NA,NA,NA,0
2022-02-05,76614539,88420,NA,NA,NA,0
2022-02-06,76699561,85022,NA,NA,NA,0
2022-02-07,77042151,342590,NA,NA,NA,0
2022-02-08,77255967,213816,NA,NA,NA,0
2022-02-09,77443119,187152,NA,NA,NA,0
2022-02-10,77613484,170365,NA,NA,NA,0
2022-02-11,77821654,208170,NA,NA,NA,0
2022-02-12,77874448,52794,NA,NA,NA,0
2022-02-13,77933644,59196,NA,NA,NA,0
2022-02-14,78100844,167200,NA,NA,NA,0
2022-02-15,78211227,110383,NA,NA,NA,0
2022-02-16,78325034,113807,NA,NA,NA,0
2022-02-17,78426302,101268,NA,NA,NA,0
2022-02-18,78570189,143887,NA,NA,NA,0
2022-02-19,78602347,32158,NA,NA,NA,0
2022-02-20,78625889,23542,NA,NA,NA,0
2022-02-21,78705534,79645,NA,NA,NA,0
2022-02-22,78794717,89183,NA,NA,NA,0
2022-02-23,78878763,84046,NA,NA,NA,0
2022-02-24,78945291,66528,NA,NA,NA,0
2022-02-25,79018933,73642,NA,NA,NA,0
2022-02-26,79066775,47842,NA,NA,NA,0
2022-02-27,79085308,18533,NA,NA,NA,0
2022-02-28,79182072,96764,NA,NA,NA,0
2022-03-01,79228526,46454,NA,NA,NA,0
2022-03-02,79281550,53024,NA,NA,NA,0
2022-03-03,79330037,48487,NA,NA,NA,0
2022-03-04,79388536,58499,NA,NA,NA,0
2022-03-05,79403803,15267,NA,NA,NA,0
2022-03-06,79416427,12624,NA,NA,NA,0
2022-03-07,79469905,53478,NA,NA,NA,0
2022-03-08,79499241,29336,NA,NA,NA,0
2022-03-09,79536136,36895,NA,NA,NA,0
2022-03-10,79581803,45667,NA,NA,NA,0
2022-03-11,79630563,48760,NA,NA,NA,0
2022-03-12,79641081,10518,NA,NA,NA,0
2022-03-13,79652389,11308,NA,NA,NA,0
2022-03-14,79686659,34270,NA,NA,NA,0
2022-03-15,79710172,23513,NA,NA,NA,0
2022-03-16,79761407,51235,NA,NA,NA,0
2022-03-17,79813432,52025,NA,NA,NA,0
2022-03-18,79845064,31632,NA,NA,NA,0
2022-03-19,79856186,11122,NA,NA,NA,0
2022-03-20,79867851,11665,NA,NA,NA,0
2022-03-21,79908896,41045,NA,NA,NA,0
2022-03-22,79930125,21229,NA,NA,NA,0
2022-03-23,79970024,39899,NA,NA,NA,0
2022-03-24,80012075,42051,NA,NA,NA,0
2022-03-25,80056490,44415,NA,NA,NA,0
2022-03-26,80066185,9695,NA,NA,NA,0
2022-03-27,80078221,12036,NA,NA,NA,0
2022-03-28,80115933,37712,NA,NA,NA,0
2022-03-29,80138992,23059,NA,NA,NA,0
2022-03-30,80177109,38117,NA,NA,NA,0
2022-03-31,80221659,44550,NA,NA,NA,0
2022-04-01,80252822,31163,NA,NA,NA,0
2022-04-02,80264902,12080,NA,NA,NA,0
2022-04-03,80269916,5014,NA,NA,NA,0
2022-04-04,80308034,38118,NA,NA,NA,0
2022-04-05,80333004,24970,NA,NA,NA,0
2022-04-06,80372934,39930,NA,NA,NA,0
2022-04-07,80422607,49673,NA,NA,NA,0
2022-04-08,80495785,73178,NA,NA,NA,0
2022-04-09,80508841,13056,NA,NA,NA,0
2022-04-10,80518648,9807,NA,NA,NA,0
2022-04-11,80556762,38114,NA,NA,NA,0
2022-04-12,80591984,35222,NA,NA,NA,0
2022-04-13,80642046,50062,NA,NA,NA,0
2022-04-14,80695905,53859,NA,NA,NA,0
2022-04-15,80730374,34469,NA,NA,NA,0
2022-04-16,80743193,12819,NA,NA,NA,0
2022-04-17,80751116,7923,NA,NA,NA,0
2022-04-18,80810667,59551,NA,NA,NA,0
2022-04-19,80849167,38500,NA,NA,NA,0
2022-04-20,80916941,67774,NA,NA,NA,0
2022-04-21,80977423,60482,NA,NA,NA,0
2022-04-22,81065998,88575,NA,NA,NA,0
2022-04-23,81086701,20703,NA,NA,NA,0
2022-04-24,81100684,13983,NA,NA,NA,0
2022-04-25,81168488,67804,NA,NA,NA,0
2022-04-26,81213378,44890,NA,NA,NA,0
2022-04-27,81303190,89812,NA,NA,NA,0
2022-04-28,81380164,76974,NA,NA,NA,0
2022-04-29,81441418,61254,NA,NA,NA,0
2022-04-30,81466515,25097,NA,NA,NA,0
2022-05-01,81483878,17363,NA,NA,NA,0
2022-05-02,81577751,93873,NA,NA,NA,0
2022-05-03,81627417,49666,NA,NA,NA,0
2022-05-04,81739767,112350,NA,NA,NA,0
2022-05-05,81827980,88213,NA,NA,NA,0
2022-05-06,81957032,129052,NA,NA,NA,0
2022-05-07,81986083,29051,NA,NA,NA,0
2022-05-08,81992696,6613,NA,NA,NA,0
2022-05-09,82121875,129179,NA,NA,NA,0
2022-05-10,82192395,70520,NA,NA,NA,0
2022-05-11,82353418,161023,NA,NA,NA,0
2022-05-12,82458758,105340,NA,NA,NA,0
2022-05-13,82546019,87261,NA,NA,NA,0
2022-05-14,82564507,18488,NA,NA,NA,0
2022-05-15,82597636,33129,NA,NA,NA,0
2022-05-16,82774560,176924,NA,NA,NA,0
2022-05-17,82859886,85326,NA,NA,NA,0
2022-05-18,83063720,203834,NA,NA,NA,0
2022-05-19,83199269,135549,NA,NA,NA,0
2022-05-20,83348050,148781,NA,NA,NA,0
2022-05-21,83376204,28154,NA,NA,NA,0
2022-05-22,83397052,20848,NA,NA,NA,0
2022-05-23,83538581,141529,NA,NA,NA,0
2022-05-24,83622443,83862,NA,NA,NA,0
2022-05-25,83833181,210738,NA,NA,NA,0
2022-05-26,83968711,135530,NA,NA,NA,0
2022-05-27,84076542,107831,NA,NA,NA,0
2022-05-28,84090814,14272,NA,NA,NA,0
2022-05-29,84097941,7127,NA,NA,NA,0
2022-05-30,84160453,62512,NA,NA,NA,0
2022-05-31,84327623,167170,NA,NA,NA,0
2022-06-01,84556346,228723,NA,NA,NA,0
2022-06-02,84678666,122320,NA,NA,NA,0
2022-06-03,84835652,156986,NA,NA,NA,0
2022-06-04,84863797,28145,NA,NA,NA,0
2022-06-05,84880180,16383,NA,NA,NA,0
2022-06-06,85040000,159820,NA,NA,NA,0
2022-06-07,85126635,86635,NA,NA,NA,0
2022-06-08,85325235,198600,NA,NA,NA,0
2022-06-09,85457174,131939,NA,NA,NA,0
2022-06-10,85563335,106161,NA,NA,NA,0
2022-06-11,85598730,35395,NA,NA,NA,0
2022-06-12,85616604,17874,NA,NA,NA,0
2022-06-13,85768172,151568,NA,NA,NA,0
2022-06-14,85858349,90177,NA,NA,NA,0
2022-06-15,86043237,184888,NA,NA,NA,0
2022-06-16,86173269,130032,NA,NA,NA,0
2022-06-17,86312081,138812,NA,NA,NA,0
2022-06-18,86329874,17793,NA,NA,NA,0
2022-06-19,86348026,18152,NA,NA,NA,0
2022-06-20,86444069,96043,NA,NA,NA,0
2022-06-21,86555254,111185,NA,NA,NA,0
2022-06-22,86740614,185360,NA,NA,NA,0
2022-06-23,86879321,138707,NA,NA,NA,0
2022-06-24,86996527,117206,NA,NA,NA,0
2022-06-25,87037642,41115,NA,NA,NA,0
2022-06-26,87060105,22463,NA,NA,NA,0
2022-06-27,87220041,159936,NA,NA,NA,0
2022-06-28,87317851,97810,NA,NA,NA,0
2022-06-29,87507744,189893,NA,NA,NA,0
2022-06-30,87675497,167753,NA,NA,NA,0
2022-07-01,87832335,156838,NA,NA,NA,0
2022-07-02,87852914,20579,NA,NA,NA,0
2022-07-03,87861573,8659,NA,NA,NA,0
2022-07-04,87938030,76457,NA,NA,NA,0
2022-07-05,88079445,141415,NA,NA,NA,0
2022-07-06,88279848,200403,NA,NA,NA,0
2022-07-07,88418909,139061,NA,NA,NA,0
2022-07-08,88556616,137707,NA,NA,NA,0
2022-07-09,88585917,29301,NA,NA,NA,0
2022-07-10,88610685,24768,NA,NA,NA,0
2022-07-11,88811559,200874,NA,NA,NA,0
2022-07-12,88959760,148201,NA,NA,NA,0
2022-07-13,89164076,204316,NA,NA,NA,0
2022-07-14,89339527,175451,NA,NA,NA,0
2022-07-15,89492720,153193,NA,NA,NA,0
2022-07-16,89532172,39452,NA,NA,NA,0
2022-07-17,89562008,29836,NA,NA,NA,0
2022-07-18,89726854,164846,NA,NA,NA,0
2022-07-19,89844049,117195,NA,NA,NA,0
2022-07-20,90060452,216403,NA,NA,NA,0
2022-07-21,90236212,175760,NA,NA,NA,0
2022-07-22,90367616,131404,NA,NA,NA,0
2022-07-23,90394217,26601,NA,NA,NA,0
2022-07-24,90417708,23491,NA,NA,NA,0
2022-07-25,90607567,189859,NA,NA,NA,0
2022-07-26,90739662,132095,NA,NA,NA,0
2022-07-27,90979439,239777,NA,NA,NA,0
2022-07-28,91156816,177377,NA,NA,NA,0
2022-07-29,91316052,159236,NA,NA,NA,0
2022-07-30,91332279,16227,NA,NA,NA,0
2022-07-31,91345500,13221,NA,NA,NA,0
2022-08-01,91515311,169811,NA,NA,NA,0
2022-08-02,91606246,90935,NA,NA,NA,0
2022-08-03,91806645,200399,NA,NA,NA,0
2022-08-04,91993968,187323,NA,NA,NA,0
2022-08-05,92100085,106117,NA,NA,NA,0
2022-08-06,92115225,15140,NA,NA,NA,0
2022-08-07,92127962,12737,NA,NA,NA,0
2022-08-08,92283156,155194,NA,NA,NA,0
2022-08-09,92382916,99760,NA,NA,NA,0
2022-08-10,92579399,196483,NA,NA,NA,0
2022-08-11,92742377,162978,NA,NA,NA,0
2022-08-12,92839032,96655,NA,NA,NA,0
2022-08-13,92922848,83816,NA,NA,NA,0
2022-08-14,92932669,9821,NA,NA,NA,0
2022-08-15,93055367,122698,NA,NA,NA,0
2022-08-16,93147144,91777,NA,NA,NA,0
2022-08-17,93284016,136872,NA,NA,NA,0
2022-08-18,93433144,149128,NA,NA,NA,0
2022-08-19,93510693,77549,NA,NA,NA,0
2022-08-20,93521907,11214,NA,NA,NA,0
2022-08-21,93531782,9875,NA,NA,NA,0
2022-08-22,93660731,128949,NA,NA,NA,0
2022-08-23,93760016,99285,NA,NA,NA,0
2022-08-24,93911704,151688,NA,NA,NA,0
2022-08-25,94051364,139660,NA,NA,NA,0
2022-08-26,94172441,121077,NA,NA,NA,0
2022-08-27,94184363,11922,NA,NA,NA,0
2022-08-28,94192955,8592,NA,NA,NA,0
2022-08-29,94299131,106176,NA,NA,NA,0
2022-08-30,94374765,75634,NA,NA,NA,0
2022-08-31,94528939,154174,NA,NA,NA,0
2022-09-01,94659168,130229,NA,NA,NA,0
2022-09-02,94723808,64640,NA,NA,NA,0
2022-09-03,94735296,11488,NA,NA,NA,0
2022-09-04,94742779,7483,NA,NA,NA,0
2022-09-05,94776454,33675,NA,NA,NA,0
2022-09-06,94888901,112447,NA,NA,NA,0
2022-09-07,95012873,123972,NA,NA,NA,0
2022-09-08,95120095,107222,NA,NA,NA,0
2022-09-09,95220855,100760,NA,NA,NA,0
2022-09-10,95231015,10160,NA,NA,NA,0
2022-09-11,95240059,9044,NA,NA,NA,0
2022-09-12,95309449,69390,NA,NA,NA,0
2022-09-13,95389122,79673,NA,NA,NA,0
2022-09-14,95492323,103201,NA,NA,NA,0
2022-09-15,95575960,83637,NA,NA,NA,0
2022-09-16,95632196,56236,NA,NA,NA,0
2022-09-17,95640767,8571,NA,NA,NA,0
2022-09-18,95646258,5491,NA,NA,NA,0
2022-09-19,95701949,55691,NA,NA,NA,0
2022-09-20,95771211,69262,NA,NA,NA,0
2022-09-21,95869575,98364,NA,NA,NA,0
2022-09-22,95950646,81071,NA,NA,NA,0
2022-09-23,96033930,83284,NA,NA,NA,0
2022-09-24,96043688,9758,NA,NA,NA,0
2022-09-25,96050433,6745,NA,NA,NA,0
2022-09-26,96095985,45552,NA,NA,NA,0
2022-09-27,96157033,61048,NA,NA,NA,0
2022-09-28,96243578,86545,NA,NA,NA,0
2022-09-29,96328114,84536,NA,NA,NA,0
2022-09-30,96361678,33564,NA,NA,NA,0
2022-10-01,96369724,8046,NA,NA,NA,0
2022-10-02,96375608,5884,NA,NA,NA,0
2022-10-03,96417095,41487,NA,NA,NA,0
2022-10-04,96472453,55358,NA,NA,NA,0
2022-10-05,96543831,71378,NA,NA,NA,0
2022-10-06,96604796,60965,NA,NA,NA,0
2022-10-07,96663130,58334,NA,NA,NA,0
2022-10-08,96670971,7841,NA,NA,NA,0
2022-10-09,96676610,5639,NA,NA,NA,0
2022-10-10,96699681,23071,NA,NA,NA,0
2022-10-11,96760525,60844,NA,NA,NA,0
2022-10-12,96825225,64700,NA,NA,NA,0
2022-10-13,96888844,63619,NA,NA,NA,0
2022-10-14,96915918,27074,NA,NA,NA,0
2022-10-15,96922004,6086,NA,NA,NA,0
2022-10-16,96928820,6816,NA,NA,NA,0
2022-10-17,96967772,38952,NA,NA,NA,0
2022-10-18,97011435,43663,NA,NA,NA,0
2022-10-19,97072134,60699,NA,NA,NA,0
2022-10-20,97129565,57431,NA,NA,NA,0
2022-10-21,97175689,46124,NA,NA,NA,0
2022-10-22,97181178,5489,NA,NA,NA,0
2022-10-23,97189814,8636,NA,NA,NA,0
2022-10-24,97229198,39384,NA,NA,NA,0
2022-10-25,97273000,43802,NA,NA,NA,0
2022-10-26,97344540,71540,NA,NA,NA,0
2022-10-27,97403880,59340,NA,NA,NA,0
2022-10-28,97434321,30441,NA,NA,NA,0
2022-10-29,97443447,9126,NA,NA,NA,0
2022-10-30,97446879,3432,NA,NA,NA,0
2022-10-31,97491846,44967,NA,NA,NA,0
2022-11-01,97540814,48968,NA,NA,NA,0
2022-11-02,97614852,74038,NA,NA,NA,0
2022-11-03,97685695,70843,NA,NA,NA,0
2022-11-04,97724406,38711,NA,NA,NA,0
2022-11-05,97729710,5304,NA,NA,NA,0
2022-11-06,97737841,8131,NA,NA,NA,0
2022-11-07,97778514,40673,NA,NA,NA,0
2022-11-08,97809969,31455,NA,NA,NA,0
2022-11-09,97907293,97324,NA,NA,NA,0
2022-11-10,97973635,66342,NA,NA,NA,0
2022-11-11,97986819,13184,NA,NA,NA,0
2022-11-12,97992088,5269,NA,NA,NA,0
2022-11-13,97994731,2643,NA,NA,NA,0
2022-11-14,98045142,50411,NA,NA,NA,0
2022-11-15,98105019,59877,NA,NA,NA,0
2022-11-16,98189764,84745,NA,NA,NA,0
2022-11-17,98243862,54098,NA,NA,NA,0
2022-11-18,98299460,55598,NA,NA,NA,0
2022-11-19,98304478,5018,NA,NA,NA,0
2022-11-20,98308425,3947,NA,NA,NA,0
2022-11-21,98352945,44520,NA,NA,NA,0
2022-11-22,98409266,56321,NA,NA,NA,0
2022-11-23,98522698,113432,NA,NA,NA,0
2022-11-24,98539023,16325,NA,NA,NA,0
2022-11-25,98561352,22329,NA,NA,NA,0
2022-11-26,98564651,3299,NA,NA,NA,0
2022-11-27,98570599,5948,NA,NA,NA,0
2022-11-28,98632925,62326,NA,NA,NA,0
2022-11-29,98700385,67460,NA,NA,NA,0
2022-11-30,98813400,113015,NA,NA,NA,0
2022-12-01,98904029,90629,NA,NA,NA,0
2022-12-02,98968415,64386,NA,NA,NA,0
2022-12-03,98975552,7137,NA,NA,NA,0
2022-12-04,98981119,5567,NA,NA,NA,0
2022-12-05,99038945,57826,NA,NA,NA,0
2022-12-06,99133959,95014,NA,NA,NA,0
2022-12-07,99279412,145453,NA,NA,NA,0
2022-12-08,99378688,99276,NA,NA,NA,0
2022-12-09,99415297,36609,NA,NA,NA,0
2022-12-10,99422565,7268,NA,NA,NA,0
2022-12-11,99428962,6397,NA,NA,NA,0
2022-12-12,99488642,59680,NA,NA,NA,0
2022-12-13,99582454,93812,NA,NA,NA,0
2022-12-14,99731156,148702,NA,NA,NA,0
2022-12-15,99843780,112624,NA,NA,NA,0
2022-12-16,99898835,55055,NA,NA,NA,0
2022-12-17,99905916,7081,NA,NA,NA,0
2022-12-18,99911987,6071,NA,NA,NA,0
2022-12-19,99972811,60824,NA,NA,NA,0
2022-12-20,100054789,81978,NA,NA,NA,0
2022-12-21,100236957,182168,NA,NA,NA,0
2022-12-22,100333145,96188,NA,NA,NA,0
2022-12-23,100372381,39236,NA,NA,NA,0
2022-12-24,100378903,6522,NA,NA,NA,0
2022-12-25,100382117,3214,NA,NA,NA,0
2022-12-26,100394549,12432,NA,NA,NA,0
2022-12-27,100505484,110935,NA,NA,NA,0
2022-12-28,100618828,113344,NA,NA,NA,0
2022-12-29,100722818,103990,NA,NA,NA,0
2022-12-30,100757296,34478,NA,NA,NA,0
2022-12-31,100765248,7952,NA,NA,NA,0
2023-01-01,100769543,4295,NA,NA,NA,0
2023-01-02,100777853,8310,NA,NA,NA,0
2023-01-03,100890152,112299,NA,NA,NA,0
2023-01-04,101088268,198116,NA,NA,NA,0
2023-01-05,101196118,107850,NA,NA,NA,0
2023-01-06,101261306,65188,NA,NA,NA,0
2023-01-07,101267161,5855,NA,NA,NA,0
2023-01-08,101272871,5710,NA,NA,NA,0
2023-01-09,101315882,43011,NA,NA,NA,0
2023-01-10,101399167,83285,NA,NA,NA,0
2023-01-11,101538785,139618,NA,NA,NA,0
2023-01-12,101603765,64980,NA,NA,NA,0
2023-01-13,101637080,33315,NA,NA,NA,0
2023-01-14,101642365,5285,NA,NA,NA,0
2023-01-15,101645683,3318,NA,NA,NA,0
2023-01-16,101653200,7517,NA,NA,NA,0
2023-01-17,101734455,81255,NA,NA,NA,0
2023-01-18,101863085,128630,NA,NA,NA,0
2023-01-19,101954273,91188,NA,NA,NA,0
2023-01-20,101991792,37519,NA,NA,NA,0
2023-01-21,101996920,5128,NA,NA,NA,0
2023-01-22,102000208,3288,NA,NA,NA,0
2023-01-23,102031261,31053,NA,NA,NA,0
2023-01-24,102086995,55734,NA,NA,NA,0
2023-01-25,102189303,102308,NA,NA,NA,0
2023-01-26,102253419,64116,NA,NA,NA,0
2023-01-27,102270340,16921,NA,NA,NA,0
2023-01-28,102274935,4595,NA,NA,NA,0
2023-01-29,102278427,3492,NA,NA,NA,0
2023-01-30,102307558,29131,NA,NA,NA,0
2023-01-31,102362900,55342,NA,NA,NA,0
2023-02-01,102479408,116508,NA,NA,NA,0
2023-02-02,102561083,81675,NA,NA,NA,0
2023-02-03,102599955,38872,NA,NA,NA,0
2023-02-04,102604151,4196,NA,NA,NA,0
2023-02-05,102607114,2963,NA,NA,NA,0
2023-02-06,102631614,24500,NA,NA,NA,0
2023-02-07,102677253,45639,NA,NA,NA,0
2023-02-08,102760926,83673,NA,NA,NA,0
2023-02-09,102842908,81982,NA,NA,NA,0
2023-02-10,102855101,12193,NA,NA,NA,0
2023-02-11,102859510,4409,NA,NA,NA,0
2023-02-12,102862879,3369,NA,NA,NA,0
2023-02-13,102886005,23126,NA,NA,NA,0
2023-02-14,102934224,48219,NA,NA,NA,0
2023-02-15,103023231,89007,NA,NA,NA,0
2023-02-16,103083910,60679,NA,NA,NA,0
2023-02-17,103131898,47988,NA,NA,NA,0
2023-02-18,103134605,2707,NA,NA,NA,0
2023-02-19,103136077,1472,NA,NA,NA,0
2023-02-20,103138119,2042,NA,NA,NA,0
2023-02-21,103198669,60550,NA,NA,NA,0
2023-02-22,103308832,110163,NA,NA,NA,0
2023-02-23,103365511,56679,NA,NA,NA,0
2023-02-24,103378408,12897,NA,NA,NA,0
2023-02-25,103381157,2749,NA,NA,NA,0
2023-02-26,103382763,1606,NA,NA,NA,0
2023-02-27,103399827,17064,NA,NA,NA,0
2023-02-28,103443455,43628,NA,NA,NA,0
2023-03-01,103533872,90417,NA,NA,NA,0
2023-03-02,103589757,55885,NA,NA,NA,0
2023-03-03,103648690,58933,NA,NA,NA,0
2023-03-04,103650837,2147,NA,NA,NA,0
2023-03-05,103646975,-3862,NA,NA,NA,0
2023-03-06,103655539,8564,NA,NA,NA,0
2023-03-07,103690910,35371,NA,NA,NA,0
2023-03-08,103755771,64861,NA,NA,NA,0
2023-03-09,103802702,46931,NA,NA,NA,0
